,VEGFA,FGF1
VEGFA,1.0,0.03146179206746446
FGF1,0.03146179206746446,1.0
